{"0": [0.8968843221664429, 1.001718282699585, 0.8801043629646301, 1.2772406339645386, 0.7925198078155518, 0.923376202583313, 0.9714841842651367, 0.8227121829986572, 0.9084702730178833, 0.8611652255058289, 0.7752326130867004, 0.8373445868492126, 0.8294442892074585, 1.126258373260498, 1.1564449071884155, 0.8823292255401611, 0.9784440398216248, 1.011425256729126, 0.7244848012924194, 0.826407790184021, 0.7586992979049683, 1.439102053642273, 1.0705671310424805, 1.1713701486587524, 0.7962527871131897, 0.4397103786468506, 1.160042405128479], "1": [1.0594887733459473, 0.7847080230712891, 0.7488190531730652, 0.8384884595870972, 1.0385005474090576, 0.605920672416687, 0.5757637619972229, 1.1540441513061523, 1.1360304355621338, 0.579218327999115, 0.9119700193405151, 1.00160551071167, 0.9511537551879883, 1.1066133975982666, 0.8000215888023376, 0.7995211482048035, 0.5465806722640991, 0.9612108469009399, 0.45691969990730286, 1.2028580904006958, 1.054323673248291, 0.8410762548446655, 0.9251511096954346, 0.9935846328735352, 0.9130963087081909, 1.298201322555542, 1.1700890064239502], "2": [1.0876882076263428, 1.0736663341522217, 0.8905622959136963, 0.8301374316215515, 0.6046130061149597, 0.6930108070373535, 0.9405844211578369, 1.0317773818969727, 0.6514332294464111, 0.947540819644928, 1.2041723728179932, 0.9618620872497559, 0.7063971757888794, 0.7463411092758179, 0.9024884700775146, 0.8121049404144287, 0.8745640516281128, 0.96903395652771, 0.8268288373947144, 0.9086824655532837, 0.9591221809387207, 0.95055091381073, 1.2789208889007568, 0.5465402603149414, 0.7415968179702759, 0.7476316690444946, 0.831998884677887], "3": [0.7892298698425293, 0.8685610294342041, 0.8511918783187866, 1.073668360710144, 0.7347768545150757, 0.8781447410583496, 0.7810555100440979, 0.7585629820823669, 0.7389394044876099, 0.9393172264099121, 0.688046395778656, 0.5421344041824341, 0.8846704363822937, 0.6060185432434082, 0.8611451387405396, 1.0823454856872559, 0.8342244625091553, 0.8997635245323181, 1.2881407737731934, 0.78321373462677, 0.8041009306907654, 0.9143095016479492, 0.8791588544845581, 0.8902864456176758, 0.904588520526886, 1.008460521697998, 0.7123723030090332], "4": [0.6931804418563843, 1.041072130203247, 0.820185124874115, 0.4275781214237213, 0.8903276920318604, 0.8780750036239624, 0.7375974655151367, 1.0515202283859253, 0.6591596007347107, 0.9345625638961792, 0.8968932628631592, 0.8423919677734375, 0.862464189529419, 0.5364271402359009, 0.6941218972206116, 0.8426899313926697, 1.2044116258621216, 0.5723574161529541, 1.0492310523986816, 1.0708014965057373, 0.8475308418273926, 0.6436511278152466, 0.8442850112915039, 1.0270756483078003, 0.7816829085350037, 0.7813669443130493, 0.7285128831863403], "5": [0.745408833026886, 0.9900860786437988, 0.9512875080108643, 0.8151916265487671, 0.6215952634811401, 1.0135538578033447, 0.6311078667640686, 0.682007372379303, 0.8206835985183716, 0.7076411247253418, 0.9819719791412354, 0.9055537581443787, 0.6265363097190857, 0.971777081489563, 0.765626072883606, 0.7119792699813843, 0.8017721772193909, 0.8505967259407043, 0.8482764959335327, 0.7921839952468872, 0.8109482526779175, 0.7290540933609009, 0.9197638034820557, 0.7028031349182129, 0.7172468304634094, 0.8680576086044312, 0.7746497392654419], "6": [0.7716670036315918, 0.5939300060272217, 0.8287104964256287, 0.6183514595031738, 0.7999142408370972, 0.8507546782493591, 0.8568192720413208, 0.7659848928451538, 0.8106772899627686, 0.593026876449585, 0.8039215803146362, 0.8498411178588867, 1.0609853267669678, 1.02230966091156, 0.8289633989334106, 0.5182788968086243, 0.8588351011276245, 0.6351061463356018, 0.7746411561965942, 0.6804357767105103, 0.9199824333190918, 0.646310567855835, 0.6547768712043762, 0.9527141451835632, 0.9346291422843933, 0.74424147605896, 0.8375437259674072], "7": [0.6346373558044434, 0.6389480829238892, 0.785724401473999, 0.7313237190246582, 0.9881943464279175, 0.508652925491333, 0.9712527990341187, 0.712623119354248, 1.0708134174346924, 0.7041900157928467, 0.6699610352516174, 0.7171188592910767, 0.7869956493377686, 0.9561001062393188, 0.6940136551856995, 0.579272985458374, 0.7678026556968689, 0.6822794675827026, 0.797145426273346, 0.8010848760604858, 0.8249358534812927, 0.893214762210846, 0.7381703853607178, 0.8576103448867798, 0.7225884199142456, 0.6944742798805237, 0.7830674052238464], "8": [0.7456401586532593, 0.7075450420379639, 0.6569730639457703, 0.7880420684814453, 0.9319343566894531, 0.917822539806366, 0.605624794960022, 0.6103839874267578, 0.6536076664924622, 0.9079909920692444, 0.8791908025741577, 0.8581002354621887, 0.7041125297546387, 0.5077570676803589, 0.6908236742019653, 0.7398483753204346, 0.7858905792236328, 0.6700625419616699, 0.7440258264541626, 0.735305905342102, 0.8513131737709045, 0.6645287275314331, 0.9522476196289062, 0.837909996509552, 0.7377303242683411, 0.7422162294387817, 0.6409910917282104], "9": [0.59325110912323, 0.6978151202201843, 0.9903160333633423, 0.553890585899353, 0.6610764265060425, 0.5042848587036133, 0.8492465615272522, 0.8614330291748047, 0.8260078430175781, 0.9120943546295166, 0.8137210607528687, 1.0598065853118896, 0.792648196220398, 0.7183945178985596, 0.7684570550918579, 0.6819405555725098, 0.7418786287307739, 0.7036065459251404, 0.5324562788009644, 0.7038251757621765, 0.48635515570640564, 0.7415205240249634, 0.6955500245094299, 0.5675073266029358, 0.9185812473297119, 0.7926453351974487, 0.6847656965255737]}